prefix,id,category,en_name,th_name,cn_name,price,desc_en,desc_th,desc_cn,image_url,badges,options_en,options_th,options_cn,sig,spice
1-1,21,Snacks & Starters,Fried Cashew Nuts,ยำเม็ดมะม่วงหิมพานต์,油炸腰果配柠檬片,,Crispy golden cashews fried to perfection and tossed with a zesty Thai-style seasoning. Choose cashew only or mixed (cashew + peanuts).,,完美炸制的金黄酥脆腰果，拌以开胃的泰式调味料。可选纯腰果或混合（腰果+花生）。,\images\dishes\01-01.webp,"vegetarian, nuts, spicy",Cashew: 139 | Mixed: 139,เม็ดมะม่วง: 139 | รวมถั่ว: 139,腰果: 139 | 混合: 139,0,2
1-2,22,Snacks & Starters,Fried Peanuts,ยำถั่วลิสงทอด,油炸花生配柠檬片,100,"Crunchy peanuts with a savory touch, perfectly fried for a bold Thai snack.",,完美炸制咸香酥脆的花生，是地道的泰式小吃。,\images\dishes\01-02.webp,"vegetarian, nuts, spicy",,,,0,2
1-3,23,Snacks & Starters,French Fries,เฟรนช์ฟรายส์,炸薯条,69,"Golden fries, crispy outside and soft inside. Perfect with any main dish or on their own.",,金脆薯条，外酥内嫩，搭配任何主菜或单独享用皆宜。,\images\dishes\01-03.webp,vegetarian,,,,0,
1-4,24,Snacks & Starters,Onion Rings,ออเนียนริงส์,洋葱圈,79,"Crispy onion rings, golden and crunchy. A timeless favorite snack to share or enjoy solo.",,金黄酥脆的洋葱圈，经久不衰的经典小吃。,\images\dishes\01-04.webp,vegetarian,,,,0,
1-5,25,Snacks & Starters,Vegetable Spring Rolls,ปอเปี๊ยทอด,蔬菜春卷,129,Mixed vegetables spring rolls,,什锦蔬菜春卷。,\images\dishes\01-05.webp,vegetarian,,,,0,
1-6,27,Snacks & Starters,Tamarind Glazed Chicken Wings,ปีกไก่ทอดซอสมะขาม ฮาลาล,罗望子酱炒鸡翅,149,"Tangy, sweet and savory wings with signature tamarind sauce.",,酸甜咸香的风味鸡翅，裹以特色罗望子酱。,\images\dishes\01-06.webp,halal,,,,1,
1-7,28,Snacks & Starters,Tamarind Glazed Shrimp,กุ้งทอดซอสมะขาม,罗望子酱炒虾,320,"Juicy shrimp glazed in tangy tamarind sauce - sweet, sour, and unforgettable.",,酸甜咸香多汁的虾，裹以特色罗望子酱。,\images\dishes\01-07.webp,seafood,,,,0,
1-8,29,Snacks & Starters,Fried Chicken Wings with Thai Herb,ปีกไก่ทอดสมุนไพร ฮาลาล,泰式香草炸鸡翅,149,"Fried chicken wings with Thai herbal aroma - crispy, juicy, and halal-friendly delight.",,散发着泰式香草香气的炸鸡翅——外皮酥脆，内里多汁。,\images\dishes\01-08.webp,halal,,,,0,
1-9,30,Snacks & Starters,Fried Chicken Wings,ปีกไก่ทอด ฮาลาล,炸鸡翅,149,"Golden fried chicken wings, crispy outside and juicy on the inside for the perfect bite.",,金黄炸鸡翅，外酥里嫩，每一口都恰到好处。,\images\dishes\01-09.webp,halal,,,,0,
1-10,31,Snacks & Starters,Fish Sauce Fried Chicken Wings,ปีกไก่ทอดน้ำปลา ฮาลาล,鱼露炸鸡翅,149,Crispy fried chicken wings marinated in savory Thai fish sauce.,,经咸香泰式鱼露腌制后，炸得酥脆的鸡翅。,\images\dishes\01-10.webp,halal,,,,0,
1-11,69,Snacks & Starters,Garlic-Fried Chicken (Toad Gra Tiyum),ไก่ทอดกระเทียม ฮาลาล,蒜香炸鸡,150,Crispy and golden garlic fried chicken.,,金黄酥脆的蒜香炸鸡。,\images\dishes\01-11.webp,halal,,,,0,
1-12,70,Snacks & Starters,Garlic-Fried Shrimp (Toad Gra Tiyum),กุ้งทอดกระเทียม,蒜蓉炒虾,320,Garlic-Fried Shrimp made with authentic Thai flavors. A delightful choice to enjoy anytime.,,以地道泰式风味制作的蒜蓉炒虾。,\images\dishes\01-12.webp,seafood,,,,0,
1-13,72,Snacks & Starters,Sun-Dried Beef (Neua Daad Diew),เนื้อแดดเดียว ฮาลาล,干牛肉,179,"Crispy sun-dried Thai sauce marinated beef—salty, smoky and addictive.",,经泰式酱汁腌制酥脆的日晒牛肉，口感为咸香、烟熏。,\images\dishes\01-13.webp,halal,,,,0,
1-14,73,Snacks & Starters,Grilled Australian Beef with Jaew Sauce,เนื้อย่างจิ้มแจ่ว (เนื้อออสเตรเลีย ฮาลาล),烤牛肉配jaew酱（澳大利亚牛肉，清真）,320,"Tender grilled Australian beef strips served with Isan-style sauce that is sweet, sour and spicy.",,嫩烤澳洲牛肉条，配以酸甜辣口味的东北风格Jaew酱。,\images\dishes\01-14.webp,"halal, spicy",,,,0,2
2-1,1,Soups,Pumpkin Soup,ซุปฝักทอง,南瓜汤,99,"Creamy roasted pumpkin soup with a hint of spice, finished with a swirl of fresh cream and served with toast + butter.",,香浓的烤南瓜汤，带有一丝香料风味，淋上新鲜奶油，并搭配黄油吐司。,\images\dishes\02-01.webp,vegetarian,,,,0,
2-2,2,Soups,Carrot Soup,ซุปแครอท,胡萝卜汤,99,"Smooth carrot soup with natural sweetness. Creamy, warm, and full of comfort.",,丝滑的胡萝卜汤，带有天然植物的甜味。浓稠、温热。,\images\dishes\02-02.webp,vegetarian,,,,0,
2-3,3,Soups,Tom Yum Shrimp,ต้มยำกุ้ง,泰式酸辣虾汤,299,"A classic Thai soup loaded with shrimp — choose between a bright, clear broth or creamy milk and coconut base.",,经典的泰式汤品，内含虾——可选择清汤底（辣或者不辣）/奶香椰奶汤底。,\images\dishes\02-03.webp,"seafood, spicy",,,,1,2
2-4,4,Soups,Tom Yum Seafood,ต้มยำซีฟู้ด,泰式酸辣海鲜汤,320,"A classic Thai soup loaded with shrimp and squid — choose between a bright, clear broth or creamy milk and coconut base.",,经典的泰式汤品，内含虾和鱿鱼——可选择清汤底/浓的奶香椰奶汤底。,\images\dishes\02-04.webp,"seafood, spicy",,,,0,2
2-5,5,Soups,Tom Yum Chicken,ต้มยำไก่ ฮาลาล,清真辣鸡汤,149,Clear Tom Yum with Chicken in Thai herbs & lime.,,泰式香草与青柠调味的清新冬阴功鸡汤。,\images\dishes\02-05.webp,"halal, spicy",,,,0,2
2-6,6,Soups,Chicken Galangal Coconut Soup (Tom Kha Gai),ต้มข่าไก่ ฮาลาล,清真鸡肉高良姜椰子汤,149,"A comforting blend of coconut milk, galangal, lemongrass, and tender chicken.",,椰奶、高良姜、香茅与嫩鸡肉组合烹饪所制的热汤。,\images\dishes\02-06.webp,"halal, spicy",,,,0,1
2-7,7,Soups,Beef Soup (Tom Sap Neua),ต้มแซ่บเนื้อ ฮาลาล,清真辣牛肉汤,169,Fiery hot and sour broth with fresh lime and stewed beef.,,加入新鲜青柠与炖牛肉的酸辣火热汤。,\images\dishes\02-07.webp,"halal, spicy",,,,0,3
3-1,8,Salads & Som Tum,Egyptian-style Salad,สลัดอียิปต์,埃及风味沙拉,,"Zesty cucumber, tomato, and onion tossed in bright lemon dressing.",,黄瓜、番茄和洋葱与清新柠檬酱汁、孜然、蚝油等拌制。,\images\dishes\03-01.webp,"vegetarian@Plain, halal",Plain: 95 | Grilled Chicken: 149,ธรรมดา: 95 | ไก่ย่าง: 149,原味: 95 | 烤鸡肉: 149,1,
3-2,9,Salads & Som Tum,Garden Salad,สลัดผักรวม,田园沙拉,120,"Refreshing mix of cucumbers, tomatoes, carrots, and leafy greens.",,家常做法的清爽沙拉，由黄瓜、番茄、胡萝卜和绿叶蔬菜组成。,\images\dishes\03-02.webp,vegetarian,,,,0,
3-3,10,Salads & Som Tum,Grilled Chicken Salad,สลัดไก่ย่าง ฮาลาล,清真烤鸡沙拉,159,Smoky grilled chicken over crisp vegetables with sesame dressing on the side.,,家常做法的烟熏烤鸡，配以爽脆蔬菜与芝麻酱（另附）。,\images\dishes\03-03.webp,halal,,,,0,
3-4,11,Salads & Som Tum,Minced Chicken Salad (Larb Gai),ลาบไก่ ฮาลาล,鸡肉沙拉,129,"Ground minced chicken dressed with Thai herbs, onion, and lime.",,鸡肉末沙拉，配以泰式香草、洋葱和青柠酱汁。,\images\dishes\03-04.webp,"halal, spicy",,,,0,2
3-5,12,Salads & Som Tum,Grilled Australian Beef Salad (Nam Tok Neua Yang),น้ำตกเนื้อย่าง (เนื้อออสเตรเลีย ฮาลาล),烤澳洲牛肉沙拉,280,"Juicy grilled Australian beef tossed in Thai herbs, onion, and lime.",,多汁的澳洲烤牛肉，配以泰式香草、洋葱和青柠凉拌。,\images\dishes\03-05.webp,"halal, spicy",,,,0,2
3-6,14,Salads & Som Tum,Minced Beef Salad (Larb Neua),ลาบเนื้อ ฮาลาล,碎牛肉沙拉,149,"Minced beef dressed with Thai herbs, onion, and lime.",,牛肉末沙拉，配以泰式香草、洋葱和青柠酱汁。,\images\dishes\03-06.webp,"halal, spicy",,,,0,2
3-7,15,Salads & Som Tum,Glass Noodle Salad (Yum Wun Sen),ยำวุ้นเส้นกุ้ง/ปลาหมึก,虾/鱿鱼粉丝沙拉,,Silky glass noodles in spicy Thai dressing and cooked with your choice of Shrimp or Squid or both.,,爽滑粉丝配以泰式辣酱，可选配虾、鱿鱼或双拼。,\images\dishes\03-07.webp,"seafood, spicy",Shrimp: 169 | Squid: 169 | Seafood: 179,กุ้ง: 169 | ปลาหมึก: 169 | ซีฟูด: 179,虾: 169 | 鱿鱼: 169 | 海鲜: 179,0,2
3-8,17,Salads & Som Tum,Mixed Seafood Salad (Yum Lowam Mit Talay),ยำรวมมิตรทะเล,什锦海鲜沙拉,279,"Bold Thai-style seafood salad—shrimp, squid, crab sticks, and heat.",,辛辣浓郁的泰式海鲜沙拉——包含虾、鱿鱼、蟹柳。,\images\dishes\03-08.webp,"seafood, spicy",,,,0,3
3-9,19,Salads & Som Tum,Herbal Shrimp Salad (Pla Kung),พล่ากุ้ง,香草虾沙拉,289,"Lightly poached of shrimp with lemongrass, lime, and fresh Thai herbs.",,轻焯的虾配以香茅、青柠和新鲜泰式香草所制的沙拉。,\images\dishes\03-09.webp,"seafood, spicy",,,,0,2
3-10,44,Salads & Som Tum,Papaya Salad (Som Tum Prara),ส้มตำปลาร้า,木瓜沙拉配发酵鱼,85,"Crisp green papaya tossed with rich, authentic Isan-style fish sauce, Thai anchovy, garlic, chili and lime —fiery and flavorful!",,东北风味的脆爽青木瓜，配以鱼露、大蒜、辣椒和青柠。火辣够味！,\images\dishes\03-10.webp,spicy,,,,0,3
3-11,46,Salads & Som Tum,Classic Thai Papaya Salad (Som Tum Thai),ส้มตำไทย,经典泰式木瓜沙拉,85,"Sweet, sour, and spicy papaya salad with peanuts and dried shrimp.",,包含酸甜辣多种风味的木瓜沙拉，配有花生和虾干。,\images\dishes\03-11.webp,"seafood, nuts, spicy",,,,0,3
3-12,47,Salads & Som Tum,Salted Egg Som Tum (Khai Kem),ส้มตำไข่เค็ม,咸蛋木瓜沙拉,95,"Sweet-spicy papaya salad with rich, creamy salted egg.",,甜辣木瓜沙拉，搭配浓郁的咸蛋。,\images\dishes\03-12.webp,"nuts, spicy",,,,0,3
3-13,48,Salads & Som Tum,Cucumber Salad (Tum Tang),ตำแตง,黄瓜沙拉,85,"Refreshing cucumbers mixed with savory Isan-style fish sauce, Thai anchovy, garlic, chili and lime.",,咸香的东北风格鱼露所拌的清爽黄瓜、泰式凤尾鱼、大蒜、辣椒和青柠混合。,\images\dishes\03-13.webp,spicy,,,,0,3
3-14,50,Salads & Som Tum,Peanut Spicy Salad (Tum Touwa),ตำถั่ว,青豆沙拉,85,"Fresh peanuts with authentic Isan-style fish sauce, Thai anchovy, garlic, chili and lime.",,泰国东北风味的鱼露所拌的花生、泰式凤尾鱼、大蒜、辣椒和青柠。,\images\dishes\03-14.webp,"nuts, spicy",,,,0,3
4-1,52,Curries & Stir-fries,Green Curry (Gang Kew Wan),แกงเขียวหวาน ไก่/เนื้อ ฮาลาล,绿咖喱、鸡肉/澳洲牛肉,,Silky green curry infused with Thai basil and tender meat of your choice.,,丝滑绿咖喱，注入泰式罗勒香气，配以顾客自选的新鲜嫩肉。,\images\dishes\04-01.webp,"halal, seafood, spicy",Chicken: 150 | Australian Beef: 180 | Shrimp: 180 | Seafood: 180,ไก่: 150 | เนื้อออสเตรเลีย: 180 | กุ้ง: 180 | ซีฟูด: 180,鸡肉: 150 | 澳洲牛肉: 180 | 虾: 180 | 海鲜: 180,0,1
4-2,53,Curries & Stir-fries,Panang Curry,แกงแพนง ไก่/เนื้อ ฮาลาล,Panang 咖喱、鸡肉/澳大利牛肉,,Rich and creamy curry with bold spices and aromatic coconut.,,奶油质地的咖喱牛肉/鸡肉，带有强烈的香料风味和芳香的椰子风味。,\images\dishes\04-02.webp,"halal, seafood, nuts, spicy",Chicken: 150 | Australian Beef: 180 | Shrimp: 180 | Seafood: 180,ไก่: 150 | เนื้อออสเตรเลีย: 180 | กุ้ง: 180 | ซีฟูด: 180,鸡肉: 150 | 澳洲牛肉: 180 | 虾: 180 | 海鲜: 180,0,1
4-3,54,Curries & Stir-fries,Red Curry (Gang Dang),แกงแดง ไก่/เนื้อ ฮาลาล,红咖喱、鸡肉/澳洲牛肉,,"Classic Thai red curry—vibrant, spicy, and coconut-rich.",,经典泰式红咖喱鸡肉/牛肉—辛辣且椰香浓郁。,\images\dishes\04-03.webp,"halal, seafood, spicy",Chicken: 150 | Australian Beef: 180 | Shrimp: 180 | Seafood: 180,ไก่: 150 | เนื้อออสเตรเลีย: 180 | กุ้ง: 180 | ซีฟูด: 180,鸡肉: 150 | 澳洲牛肉: 180 | 虾: 180 | 海鲜: 180,0,2
4-4,55,Curries & Stir-fries,Thai Chili Stir-Fry (Sho Chi),ฉู่ฉี่,泰式辣椒炒海鲜,,"Thai red curry with coconut milk with your choice of shrimp, squid or both.",,泰式红咖喱配椰奶，可选虾、鱿鱼或双拼。,\images\dishes\04-04.webp,"seafood, spicy",Shrimp: 189 | Squid: 189 | Seafood: 229,กุ้ง: 189 | ปลาหมึก: 189 | ซีฟูด: 229,虾: 189 | 鱿鱼: 189 | 海鲜: 229,0,1
4-5,56,Curries & Stir-fries,Spicy Herb Beef Curry (Gang Om Neua),แกงอ่อมเนื้อ ฮาลาล,香草辣味牛肉咖喱,169,Authentic rustic curry packed with Isan herbs and tender beef.,,地道的乡村风味咖喱牛肉，配以东北香草。,\images\dishes\04-05.webp,"halal, spicy",,,,0,2
4-6,86,Curries & Stir-fries,Massaman Curry (Gang Massaman),แกงมัสมั่น ไก่/เนื้อ ฮาลาล,玛莎曼咖喱,,"A rich, fragrant curry of warm spices and coconut milk, slow-cooked with potato, carrot and onion and your choice of chicken or beef.",,香浓的玛莎曼咖喱，以椰奶和温和香料慢煮，配土豆、胡萝卜和洋葱，可选鸡肉或牛肉。,\images\dishes\04-06.webp,"halal, spicy, new",Chicken: 160 | Beef: 180,ไก่: 160 | เนื้อ: 180,鸡肉: 160 | 牛肉: 180,0,2
4-7,74,Curries & Stir-fries,Stir-fried Chicken with Cashew Nuts (Thai Pad Med Ma'mouwang),ไก่ผัดเม็ดมะม่วงหิมพานต์ ฮาลาล,腰果鸡丁,159,"Chicken with crispy golden cashews, fried to perfection and tossed with a zesty Thai-style seasoning.",,泰式风味的炒鸡肉，配以金黄酥脆的腰果。,\images\dishes\04-07.webp,"halal, nuts, spicy",,,,0,1
4-8,75,Curries & Stir-fries,Spicy Basil Stir-Fry (Pad Kra Praw),ผัดกระเพรา ฮาลาล,辣罗勒炒鸡肉/牛肉/虾/鱿鱼,,"Thailand’s favorite! Stir-fried with Thai basil leaves, chilies and your choice of protein.",,泰国最受欢迎的美食！与泰式罗勒叶、辣椒及顾客自选肉类一同爆炒。,\images\dishes\04-08.webp,"halal, seafood, spicy",Chicken: 149 | Beef: 169 | Shrimp: 189 | Squid: 189,ไก่: 149 | เนื้อ: 169 | กุ้ง: 189 | ปลาหมึก: 189,鸡肉: 149 | 牛肉: 169 | 虾: 189 | 鱿鱼: 189,0,2
4-9,76,Curries & Stir-fries,Thai Herbal Stir-Fry (Pad Cha),ผัดฉ่า ฮาลาล,泰式香草炒鸡肉/牛肉/虾/鱿鱼,,"Bold and spicy with aromatic galangal, peppercorns, Thai herbs and your choice of protein.",,风味浓郁辛辣，带有高良姜、胡椒籽、泰式香草的香气，配以顾客自选肉类。,\images\dishes\04-09.webp,"halal, seafood, spicy",Chicken: 149 | Beef: 169 | Shrimp: 189 | Squid: 189,ไก่: 149 | เนื้อ: 169 | กุ้ง: 189 | ปลาหมึก: 189,鸡肉: 149 | 牛肉: 169 | 虾: 189 | 鱿鱼: 189,0,2
4-10,78,Curries & Stir-fries,Chili Paste Stir-Fry (Pad Prig Pauw),ผัดพริกเผา ฮาลาล,辣椒酱炒鸡肉/虾/鱿鱼,,Intense and flavorful—sweet chili paste stir-fried with your choice of protein.,,浓郁而可口——甜辣酱与您选择的蛋白质一起翻炒。,\images\dishes\04-10.webp,"halal, seafood, spicy",Chicken: 149 | Shrimp: 189 | Squid: 189,ไก่: 149 | กุ้ง: 189 | ปลาหมึก: 189,鸡肉: 149 | 虾: 189 | 鱿鱼: 189,0,2
4-11,79,Curries & Stir-fries,Curry Powder Stir-Fry (Pad Pong Gha Ri),ผัดผงกะหรี่,咖喱粉炒海鲜,,"Wok-tossed in Thai curry powder and herbs – with shrimp, squid or both.",,用泰式咖喱粉和香草炒制，搭配虾、鱿鱼或两者。,\images\dishes\04-11.webp,seafood,Shrimp: 189 | Squid: 189 | Seafood: 229,กุ้ง: 189 | ปลาหมึก: 189 | ซีฟูด: 229,虾: 189 | 鱿鱼: 189 | 海鲜: 229,0,
4-12,80,Curries & Stir-fries,Oyster Sauce Stir-Fried Australia Beef (Neua Pad Nam Mun Hoi),เนื้อออสเตรเลียผัดน้ำมันหอย ฮาลาล,蚝油澳洲牛肉,189,Tender beef glazed in a savory oyster sauce blend.,,嫩牛肉淋上美味的蚝油。,\images\dishes\04-12.webp,halal,,,,0,
4-13,81,Curries & Stir-fries,Salted Egg Stir-Fry (Pad Khai Kem),ผัดไข่เค็ม,咸蛋炒海鲜,,"Creamy and rich—salted egg adds a decadent twist with your choice of shrimp, squid or both.",,奶油味浓郁的咸蛋与您选择的虾、鱿鱼或两者一起增添了浓郁的风味。,\images\dishes\04-13.webp,seafood,Shrimp: 220 | Squid: 220 | Seafood: 250,กุ้ง: 220 | ปลาหมึก: 220 | ซีฟูด: 250,虾: 220 | 鱿鱼: 220 | 海鲜: 250,0,
4-14,82,Curries & Stir-fries,Stir-Fried Broccoli with Shrimp (Pad Broccoli Kung),ผัดบร็อคโคลี่ กุ้ง,西兰花炒虾,180,Classic veggie-meets-seafood favorite.,,经典的蔬菜与海鲜搭配美食。,\images\dishes\04-14.webp,seafood,,,,0,
4-15,83,Curries & Stir-fries,Stir-Fried Mixed Veggies with Seafood (Pad Pak Luam Talay),ผัดผักรวมอาหารทะเล,什锦蔬菜炒海鲜,179,Balanced and colorful—wholesome Thai stir-fry with shrimp and squid.,,均衡且色彩鲜艳——有益健康的泰式虾和鱿鱼炒菜。,\images\dishes\04-15.webp,seafood,,,,0,
4-16,84,Curries & Stir-fries,Red Curry Stir-Fry (Pad Prig Gang),ผัดพริกแกง ฮาลาล,红咖喱炒鸡肉/牛肉/海鲜,,Thai red curry paste stir-fried with your choice of protein.,,泰式红咖喱酱与您选择的蛋白质一起翻炒。,\images\dishes\04-16.webp,"halal, seafood, spicy",Chicken: 149 | Beef: 169 | Seafood: 189,ไก่: 149 | เนื้อ: 169 | ซีฟูด: 189,鸡肉: 149 | 牛肉: 169 | 海鲜: 189,0,2
4-17,85,Curries & Stir-fries,Mixed Seasonal Vegetable Stir-Fry (Pad Pak Luam),ผัดผักรวมตามฤดูกาล,什锦炒菜,120,"Fresh garden seasonal vegetables, lightly seasoned. Vegetarian on request.",,新鲜的花园时令蔬菜，调味清淡。可应要求做成素食。,\images\dishes\04-17.webp,,,,,0,
5-1,57,"Rice, Noodles & Pasta",Fried Rice with Chicken (Kaw Pad Gai),ข้าวผัดไก่ ฮาลาล,鸡肉炒饭,110,"Classic fried rice cooked with Thai herbals, egg and chicken.",,经典炒饭，以泰式香草、鸡蛋和鸡肉烹制。,\images\dishes\05-01.webp,halal,,,,0,
5-2,58,"Rice, Noodles & Pasta",Fried Rice (Kaw Pad),ข้าวผัด,炒饭,,"Classic fried rice cooked with Thai herbals, egg and seafood.",,经典炒饭，以泰式香草、鸡蛋和海鲜烹制。,\images\dishes\05-02.webp,seafood,Shrimp: 149 | Squid: 149 | Seafood: 169,กุ้ง: 149 | ปลาหมึก: 149 | ซีฟูด: 169,虾: 149 | 鱿鱼: 149 | 海鲜: 169,0,
5-3,59,"Rice, Noodles & Pasta",Fried Rice with Beef (Kaw Pad Neua),ข้าวผัดเนื้อออสเตรเลีย ฮาลาล,牛肉炒饭,180,"Classic fried rice cooked with Thai herbals, egg and beef.",,经典炒饭，以泰式香草、鸡蛋和牛肉烹制。,\images\dishes\05-03.webp,halal,,,,0,
5-4,60,"Rice, Noodles & Pasta",Basil Stir-Fried Rice (Kaw Pad Gra Praw),ผัดกระเพราราดข้าว ฮาลาล,罗勒炒饭,,Thai basil fried rice loaded with your choice of protein.,,泰式罗勒炒饭，配以顾客任选的肉类。,\images\dishes\05-04.webp,"halal, seafood, spicy",Chicken: 110 | Beef: 129 | Shrimp: 179 | Squid: 179 | Seafood: 179,ไก่: 110 | เนื้อ: 129 | กุ้ง: 179 | ปลาหมึก: 179 | ซีฟูด: 179,鸡肉: 110 | 牛肉: 129 | 虾: 179 | 鱿鱼: 179 | 海鲜: 179,0,2
5-5,61,"Rice, Noodles & Pasta",Thai Herbal Stir-Fried Rice (Pad Cha),ผัดฉ่าราดข้าว ฮาลาล,泰式香草炒饭,,"Stir fried rice cooked with Thai herbs, Galangal, green unripe peppercorns (Prik Thai).",,以泰式香草、高良姜、绿胡椒籽爆炒的米饭，配以顾客任选的肉类。,\images\dishes\05-05.webp,"halal, seafood, spicy",Chicken: 110 | Beef: 129 | Seafood: 179,ไก่: 110 | เนื้อ: 129 | ซีฟูด: 179,鸡肉: 110 | 牛肉: 129 | 海鲜: 179,0,2
5-6,62,"Rice, Noodles & Pasta",Fried Rice with Grilled Beef,ข้าวผัดเนื้อออสเตรเลียย่างดองซีอิ้ว,烤牛肉炒饭配酸蛋,350,Fried garlic rice and savory Australian beef strips served with clear savory soup,,蒜香炒饭配咸香澳洲牛肉，加以照烧酱及腌制后的温泉蛋黄，附赠清汤。,\images\dishes\05-06.webp,halal,,,,1,
5-7,63,"Rice, Noodles & Pasta",Fried Rice With Grilled Chicken in Teriyaki Sauce,ข้าวหน้าไก่เทริยากิ ทอด/ย่าง ฮาลาล,炒饭，照烧酱烤鸡,169,"Fried garlic rice and tender grilled chicken glazed with a rich, served with clear savory soup",,蒜香炒饭配烤鸡，裹以浓郁照烧酱汁，附赠清汤。,\images\dishes\05-07.webp,halal,,,,0,
5-8,64,"Rice, Noodles & Pasta",Pad Thai Shrimp,ผัดไทยกุ้ง,泰式虾炒河粉,139,"Classic Thai noodles stir-fried with juicy shrimp, egg, and peanuts in a sweet-tangy sauce.",,经典泰式炒河粉-与大虾、鸡蛋和花生在酸甜酱汁中爆炒。,\images\dishes\05-08.webp,"seafood, nuts",,,,0,
5-9,65,"Rice, Noodles & Pasta",Thai Omelet with Minced Shrimp (Kai Jeow Kung Sup),ไข่เจียวกุ้งสับ,泰式虾仁煎蛋卷,120,Three-egg omelet with chopped shrimp—rich and savory.,,包含三个鸡蛋的煎蛋卷，内有虾仁碎。,\images\dishes\05-09.webp,seafood,,,,0,
5-10,39,"Rice, Noodles & Pasta",Spaghetti Bolognese,สปาเกตตีโบโลเนสซอสเนื้อ ฮาลาล,肉酱意大利面,165,Hearty Italian-style beef ragù simmered in tomato and herbs.,,意式牛肉酱面，与番茄和香草一同慢炖所制。,\images\dishes\05-10.webp,halal,,,,1,
5-11,40,"Rice, Noodles & Pasta",Spaghetti with Tomato Sauce,สปาเกตตีซอสมะเขือเทศ,番茄酱意大利面,125,"Classic sweet-and-tangy tomato sauce, slow-cooked to perfection.",,经典番茄意大利面。,\images\dishes\05-11.webp,vegetarian,,,,0,
5-12,41,"Rice, Noodles & Pasta",Chicken Spaghetti with Thai Herbs (Pad Ka Praw Gai),สปาเกตตีผัดกะเพราไก่ ฮาลาล,泰式香草鸡肉意大利面,155,A Thai twist—spaghetti tossed with spicy basil chicken.,,泰式风味——辣罗勒鸡肉酱浇制的意大利面。,\images\dishes\05-12.webp,"halal, spicy",,,,0,2
5-13,42,"Rice, Noodles & Pasta",Spaghetti with Thai Basil (Pad Ka Praw),สปาเกตตีผัดกะเพรา,泰式罗勒虾/鱿鱼意大利面,,Stir-fried spaghetti loaded with shrimp or squid and bold basil flavor.,,鲜虾/鱿鱼+有罗勒风味的意大利面。,\images\dishes\05-13.webp,"seafood, spicy",Shrimp: 175 | Squid: 175 | Seafood: 195,กุ้ง: 175 | ปลาหมึก: 175 | ซีฟูด: 195,虾: 175 | 鱿鱼: 175 | 海鲜: 195,0,2
5-14,43,"Rice, Noodles & Pasta",Beef Spaghetti in Red Curry (Pad Ped Neua),สปาเกตตีผัดเผ็ดเนื้อ ฮาลาล,清真辣牛肉意大利面,169,Plump beef stir-fried Thai-style with hot chilies and red curry.,,泰式爆炒大块牛肉，配以辣椒和红咖喱。,\images\dishes\05-14.webp,"halal, spicy",,,,0,2
6-1,66,Sides,Thai Omelet (Kai Jeow),ไข่เจียว,泰式煎蛋卷,49,Puffy and golden Thai-style omelet.,,蓬松金黄的泰式风格煎蛋卷。,\images\dishes\06-01.webp,vegetarian,,,,0,
6-2,67,Sides,Fried Egg (Kai Daw),ไข่ดาว,煎蛋,25,Sunny-side up perfection.,,完美的单面煎蛋。,\images\dishes\06-02.webp,vegetarian,,,,0,
6-3,68,Sides,Steamed Rice (Khao Suay),ข้าวสวย,米饭,20,Fluffy steamed jasmine rice.,,蓬松的蒸茉莉香米饭。,\images\dishes\06-03.webp,vegetarian,,,,0,
